ts,src,dst,event
2023-04-10 05:36:01.852837086+00:00,0.0.0.0,255.255.255.255,udp
2023-04-10 05:36:01.856880903+00:00,172.16.1.35,172.16.1.1,udp
2023-04-10 05:36:02.027781010+00:00,172.16.1.35,172.16.1.1,udp
2023-04-10 05:36:02.027781010+00:00,172.16.1.35,172.16.1.1,udp
2023-04-10 05:36:02.027781010+00:00,172.16.1.35,172.16.1.1,udp
2023-04-10 05:36:02.027781010+00:00,172.16.1.35,172.16.1.1,udp
2023-04-10 05:36:02.027781010+00:00,172.16.1.35,172.16.1.1,udp
2023-04-10 05:36:02.078001022+00:00,172.16.1.35,172.16.1.1,udp
2023-04-10 05:36:02.079996109+00:00,172.16.1.35,172.16.1.1,udp
2023-04-10 05:36:02.094490051+00:00,172.16.1.35,17.167.200.70,tcp
2023-04-10 05:36:02.117172003+00:00,172.16.1.35,224.0.0.251,udp
2023-04-10 05:36:02.118976116+00:00,172.16.1.35,17.57.144.91,tcp
2023-04-10 05:36:02.124722004+00:00,172.16.1.35,172.16.1.1,udp
2023-04-10 05:36:02.363785982+00:00,172.16.1.35,172.16.1.1,udp
2023-04-10 05:36:02.364578962+00:00,172.16.1.35,172.16.1.1,udp
2023-04-10 05:36:02.398312092+00:00,172.16.1.35,172.16.1.1,udp
2023-04-10 05:36:02.701128960+00:00,172.16.1.35,17.248.241.40,tcp
2023-04-10 05:36:02.738811970+00:00,172.16.1.35,208.54.83.35,udp
2023-04-10 05:36:04.272409916+00:00,172.16.1.35,172.16.1.1,udp
2023-04-10 05:36:04.730935097+00:00,172.16.1.35,17.248.241.204,tcp
2023-04-10 05:36:07.149005890+00:00,172.16.1.35,172.16.1.1,udp
2023-04-10 05:36:07.149005890+00:00,172.16.1.35,172.16.1.1,udp
2023-04-10 05:36:07.178484917+00:00,172.16.1.35,172.16.1.1,udp
2023-04-10 05:36:07.219916105+00:00,172.16.1.35,17.253.127.212,tcp
2023-04-10 05:36:13.814817905+00:00,172.16.1.35,172.16.1.1,udp
2023-04-10 05:36:13.815814972+00:00,172.16.1.35,172.16.1.1,udp
2023-04-10 05:36:13.888273954+00:00,172.16.1.35,208.54.40.131,udp
2023-04-10 05:36:13.997713089+00:00,172.16.1.35,208.54.40.131,udp
2023-04-10 05:36:22.638607979+00:00,172.16.1.35,172.16.1.1,udp
2023-04-10 05:36:22.638608932+00:00,172.16.1.35,172.16.1.1,udp
2023-04-10 05:36:22.766278982+00:00,172.16.1.35,172.16.1.1,udp
2023-04-10 05:36:22.773025036+00:00,172.16.1.35,203.161.53.240,tcp
2023-04-10 05:36:22.773221970+00:00,172.16.1.35,203.161.53.240,tcp
2025-06-15 08:35:12+00:00,10.0.0.5,192.168.1.10,Failed SSH login
2025-06-15 08:35:18+00:00,10.0.0.5,192.168.1.10,Account locked
